Species_ID;Name;Scientific_name;Category;Diet_type;Natural_environment
1;Άγριο γαϊδούρι της Σομαλίας;Equus asinus somalicus;Θηλαστικά;Φυτοφάγο;Βραχώδεις έρημοι και άγονες περιοχές
2;Αγριογούρουνο;Sus scrofa;Θηλαστικά;Παμφάγο;Δάση, καλλιέργειες, ανοιχτοί θαμνότοποι
3;Ακανθόχοιρος της Ινδίας;Hystrix indica;Θηλαστικά;Σπόρους, ρίζες, φρούτα και κόκαλα;Βραχώδεις λόφοι, άγονες πεδιάδες, βοσκοτόπια, δάση και βουνά
4;Αλεπού Φέννεκ;Vulpes zerda;Θηλαστικά;Παμφάγο; Έρημος, σταθερές αμμοθίνες
5;Άλογο Φαλαμπέλα;Equus caballus caballus falabella;Θηλαστικά;Φυτοφάγο;Οικόσιτο είδος
6;Αντιλόπη του νερού;Kobus leche kafuensis;Θηλαστικά;Φυτοφάγο;Ανοιχτές και πλημμυρικές πεδιάδες
7;Αραβικός όρυξ;Oryx leucoryx;Θηλαστικά;Φυτοφάγο;Άνυδρες πεδιάδες, ερήμους
8;Ασιατικός ελέφαντας;Elephas maximus;Θηλαστικά;Φυτοφάγο;Βοσκοτόπια, διάφορα είδη δασών 
9;Ασπρόλοφος ταμαρίνος;Saguinus oedipus;Θηλαστικά;Παμφάγο;Τροπικά δάση, ανοιχτά δάση, και δευτερεύουσα βλάστηση
10;Αφρικάνικα πυγμιαία κατσικάκια;Capra hircus hircus;Θηλαστικά;Χορτοφάγο;Βοσκοτόπια και έρημοι
11;Βακτριανή καμήλα;Camelus bactrianus;Θηλαστικά;Φυτοφάγο;Κρύες έρημοι, οάσεις
12;Γίββωνας συνδάκτυλος;Hylobates syndactylus;Θηλαστικά;Φυτογάγο και αυγά;Τροπικά δάση
13;Γιγαντιαίος μυρμηγκοφάγος;Myrmecophaga trydactyla;Θηλαστικά;Εντομοφάγο;Υγρά τροπικά και ξηρά δάση, σαβάνα και ανοιχτές πεδιάδες
14;Γκρίζος λύκος;Canis lupus;Θηλαστικά;Σαρκοφάγο;Δάση, τούντρα, τάιγκα, πεδιάδες, βουνά
15;Ευρασιατικός λύγκας;Lynx lynx;Θηλαστικά;Σαρκοφάγο;Φυλλοβόλα, ανάμεικτα και κωνοφόρα δάση
16;Ευρωπαϊκή αγριόγατα;Felis silvestris silvestris;Θηλαστικά;Σαρκοφάγο;Δάση, θαμνότοποι, παραποτάμια δάση, όχθες ελών και ακτογραμμές.
17;Ζέβρα του Γκράντ;Equus quagga bÎ¿ehmi;Θηλαστικά;Φυτοφάγο;Σαβάνα
18;Ζεμπού;Bos taurus indicus;Θηλαστικά;Φυτοφάγο;Τροπικά δάση, ζούγκλα, υγρότοποι, βάλτοι και ανοιχτές πεδιάδες
19;Καμηλοπάρδαλη;Giraffa camelopardalis;Θηλαστικά;Φυτοφάγο;Σαβάνα
20;Καπουτσίνος λοφιοφόρος;Sapajus apella;Θηλαστικά;Παμφάγο;Τροπικά δάση
21;Καφέ αρκούδα;Ursus arctos arctos;Θηλαστικά;Παμφάγο;Ορεινές δασώδεις περιοχές
22;Κερκοπίθηκος Αιθιοπίας;Chlorocebus aethiops;Θηλαστικά;Παμφάγο;Σαβάνα και ανοιχτά δάση κοντά σε ποτάμια
23;Κερκοπίθηκος Ντε Μπράζα;Cercopithecus neglectus;Θηλαστικά;Φρουτοφάγο - σποροφάγο;Παραποτάμια δάση
24;Κοάτι;Nasua nasua;Θηλαστικά;Παμφάγο;Δασώδεις περιοχές, φυλλοβόλα, αειθαλή, ξηρικά, αλλά και σύνθετα
25;Κρι-Κρι;Capra aegagrus cretica;Θηλαστικά;Φυτοφάγο;Απόκρημνες ορεινές περιοχές
26;Λάμα;Lama glama;Θηλαστικά;Φυτοφάγο;Οροπέδια των Άνδεων με χαμηλή βλάστηση
27;Λεμούριος κάττα;Lemur catta;Θηλαστικά;Φυτοφάγο;Δάση, θαμνότοποι
28;Λεοπάρδαλη της Περσίας;Panthera pardus saxicolor;Θηλαστικά;Σαρκοφάγο;Απόμακρες ορεινές περιοχές, υψόμετρο ως 3.200μ.
29;Λευκός όρυξ;Oryx dammah;Θηλαστικά;Φυτοφάγο;Σύνορα ερήμων
30;Λευκός ρινόκερος;Ceratotherium simum;Θηλαστικά;Φυτοφάγο;Σαβάνα, βοσκοτόπια
31;Λιοντάρι της Ανγκόλας;Panthera leo bleyenberghi;Θηλαστικά;Σαρκοφάγο;Σαβάνα, πεδινά βοσκοτόπια
32;Μακάκος συλβάνος;Macaca sylvanus;Θηλαστικά;Παμφάγο;Δάση κέδρου και βελανιδιάς, γκρεμοί
33;Μάρα της Παταγονίας;Dolichotis patagonum;Θηλαστικά;Φυτοφάγο;Άνυδρα βοσκοτόπια, έρημοι με θάμνους
34;Νεφελώδης λεοπάρδαλη;Neofelis nebulosa;Θηλαστικά;Σαρκοφάγο;Αειθαλή τροπικά δάση, ξηρά δάση, λιβάδια, μαγκρόβιοι βάλτοι
35;Ουαλάμπι του Μπένετ;Macropus rufogriseus;Θηλαστικά;Φυτοφάγο;Λιβάδια σε δάση ευκαλύπτων
36;Πλατώνι;Dama dama;Θηλαστικά;Φυτοφάγο;Δάση, βοσκοτόπια
37;Πούμα;Puma concolor;Θηλαστικά;Σαρκοφάγο;Άγονες ορεινές περιοχές,  τροπικά δάση, κρύα κωνοφόρα δάση
38;Πρόβατο του Καμερούν;Ovis aries cameroon dwarf;Θηλαστικά;Φυτοφάγο;Οικόσιτο είδος, υγρές δασώδεις περιοχές, σαβάνα
39;Πυγμιαίος ιπποπόταμος;Hexaprotodon liberiensis;Θηλαστικά;Φυτοφάγο;Πυκνά δάση
40;Σερβάλ;Leptailurus serval;Θηλαστικά;Σαρκοφάγο;Σαβάνα, πεδιάδες, έλη
41;Σέτλαντ πόνυ;Equus caballus caballus shetland;Θηλαστικά;Φυτοφάγο;Βοσκοτόπια
42;Σιτατούνγκα;Tragelaphus spekii gratus;Θηλαστικά;Φυτοφάγο;Βάλτοι και έλη
43;Σκιουρόμορφο σαϊμίρι;Saimiri sciureus;Θηλαστικά;Παμφάγο;Τροπικά δάση
44;Σκυλί των λειμώνων;Cynomys ludovicianus;Θηλαστικά;Φυτοφάγο;Λειμώνες χαμηλής βλάστησης
45;Σκυριανό άλογο;Equus caballus skyrianus;Θηλαστικά;Φυτοφάγο;Θαμνώδες, πετρώδες έδαφος
46;Σουρικάτα;Suricata suricatta;Θηλαστικά;Σαρκοφάγο;Ανοιχτές άγονες περιοχές με θάμνους και χαμηλά χόρτα 
47;Τίγρης της Σουμάτρας;Panthera tigris sumatrae;Θηλαστικά;Σαρκοφάγο;Τροπικά δάση
48;Τραχυπίθηκος της Ιάβας;Trachypithecus auratus auratus;Θηλαστικά;Φυλλοφάγο;Ξηρά αειθαλή, μαγκρόβια, παραθαλάσσια και βαλτώδη δάση
49;Τσίτα;Acinonyx jubatus;Θηλαστικά;Σαρκοφάγο;Ανοιχτά λιβάδια, άγονη γη
50;Υδρόχοιρος καπιμπάρα;Hydrochaeris hydrochaeris;Θηλαστικά;Φυτοφάγο;Έλη, εκβολές ποταμών, δίπλα σε ποτάμια και πηγές, βάλτοι και πεδιάδες
51;Φρουτοφάγα νυχτερίδα του Ροντρίγκεζ;Pteropus rodricensis;Θηλαστικά;Φρουτοφάγο;Ηφαιστειακά εδάφη, τροπικά δάση φρούτων, όπου φωλιάζουν σε δέντρα ή σπηλιές και βραχώδεις εσοχές
52;Χιμπατζής;Pan troglodytes;Θηλαστικά;Παμφάγο;Τροπικά δάση, δασώδη σαβάνα
53;Αλιγάτορας της Αμερικής;Alligator mississippiensis;Ερπετά;Σαρκοφάγο;Βάλτοι, έλη, ποτάμια, λίμνες γλυκού νερού, μαγκρόβιους βάλτους υφάλμυρου νερού
54;Αμερικανική νεροχελώνα;Trachemys a elegans;Ερπετά;Παμφάγο;Ρηχά ποτάμια
55;Αστροχελώνα της Μαδαγασκάρης;Astrochelys radiata;Ερπετά;Φυτοφάγο;Ξηρά ακανθώδη δάση, τροπικά δάση
56;Αφρικανική χελώνα;Centrochelys sulcata;Ερπετά;Φυτοφάγο;Όρια ερήμου ως ξηρές σαβάνες
57;Βασιλικό φίδι Καλιφόρνιας;Lampropeltis getulus californiae;Ερπετά;Σαρκοφάγο;Καλιφόρνια
58;Βασιλικός πύθωνας;Python regius;Ερπετά;Σαρκοφάγο;Λιβάδια, ανοιχτά δάση
59;Βόας ο συσφιγκτήρ;Boa constrictor;Ερπετά;Σαρκοφάγο;Ξέφωτα, παρυφές τροπικών δασών κατά μήκος ποταμών και ρεμάτων
60;Βόας της Κούβας;Chilabothrus angulifer;Ερπετά;Σαρκοφάγο;Τροπικά δάση, ξηρά δάση, βραχώδεις βιότοποι
61;Βόας του Ντουμερίλ;Acrantophis dumerili;Ερπετά;Σαρκοφάγο;Ξηρά δάση, ακανθώδεις θάμνους, σαβάνα, χωριά
62;Βόας των κήπων;Corallus hortolanus;Ερπετά;Σαρκοφάγο;Τροπικά ή ξηρά δάση, σαβάνα
63;Γενειοφόρος δράκος;Pogona vitticeps;Ερπετά;Παμφάγο;Ερήμους ως ξηρά δάση και θαμνότοπους
64;Γιγαάντια χελώνα Αλντάμπρα;Geochelone gigantea;Ερπετά;Φυτογάγο;Λιβάδια, παράκτιους αμμόλοφους
65;Γιγάντιο αφρικανικό σαλιγκάρι;Achatina fulica;Ερπετά;Φυτοφάγο;Αγροτικές  ή παράκτιες περιοχές, υγροτόπους, δάση, αστικές περιοχές, σαβάνα
66;Γκέκο της Μαδαγασκάρης;Phelsuma grandis;Ερπετά;Παμφάγο;Τροπικά δάση, φυτείες, τοίχους σπιτιών και στέγες
67;Δικτυωτός πύθωνας;Malayopython reticulatus;Ερπετά;Σαρκοφάγο;Τροπικά και άλλα δάση, βοσκοτόπια, κοντά σε νερό
68;Δράκος του Κόμοντο;Varanus komodoensis;Ερπετά;Σαρκοφάγο;Τροπικά δάση μουσώνων, σαβάνες με φοίνικες και λιβάδια
69;Καλαμποκόφιδο;Pantherophis guttatus;Ερπετά;Σαρκοφάγο;Διάφοροι βιότοποι από ξηρά ως υγρά δάση, λιβάδια, ανοιχτές βραχώδεις περιοχές
70;Κίτρινο ανακόντα;Eunectes notaeus;Ερπετά;Σαρκοφάγο;Βάλτους, έλη με ποτάμια μικρής ροής
71;Κρασπεδοχελώνα;Testudo marginata;Ερπετά;Φυτοφάγο;Δάση, καλλιεργημένες εκτάσεις
72;Κροκόδειλος του Νείλου;Crocodylus niloticus;Ερπετά;Σαρκοφάγο;Ποτάμια, βάλτοι γλυκού νερού, εκβολές, μαγκρόβια
73;Κυανόγλωσση σαύρα;Tiliqua scincoides;Ερπετά;Παμφάγο;Ημι-ερήμους, μεικτά δάση, θαμνότοπους
74;Λοφιοφόρος βασιλίσκος;Basiliscus plumifrons;Ερπετά;Παμφάγο;Τροπικά πυκνά και σκιερά δάση κοντά σε νερό
75;Μεσογειακή χελώνα;Testudo hermanni;Ερπετά;Φυτοφάγο;Θαμνότοποι, σαβάνες
76;Πράσινος δενδρόβιος πύθωνας;Morelia viridis;Ερπετά;Σαρκοφάγο;Υγρά δάση
77;Πύθωνας Βιρμανίας;Python bivittatus;Ερπετά;Σαρκοφάγο;Τροπικές δασώδεις περιοχές κοντά σε νερό
78;Πύθωνας των βράχων;Python sebae;Ερπετά;Σαρκοφάγο;Αειθαλή δάση ή υγρές, ανοιχτές σαβάνες, βραχώδεις περιοχές, ποτάμια και λίμνες
79;Σαμιαμίδι λεοπάρδαλη;Eublepharis macularius;Ερπετά;Σαρκοφάγο;Ερήμους, άγονα βοσκοτόπια
80;Σπιτόφιδο;Zamenis situla;Ερπετά;Σαρκοφάγο;Θαμνότοποι, βράχια, όχθες ποταμών & βάλτων, αγροικίες έως 1600μ υψόμετρο
81;Ταπιτοπύθωνας;Morelia spilota variegata;Ερπετά;Σαρκοφάγο;Τροπικά ή παράκτια δάση, φαράγγια με νερό, σαβάνα, προαστιακές περιοχές
82;Τέρας του Γκίλα;Heloderma suspectum;Ερπετά;Σαρκοφάγο;Λιβάδια και θαμνότοποι της ερήμου
83;Φρύνος των καλαμών;Rhinella marina;Ερπετά;Σαρκοφάγο;Τροπικό δάσος με πηγές νερού
84;Χελώνα λεοπάρδαλη;Stigmochelys pardalis babcocki;Ερπετά;Φυτοφάγο;Θαμνότοποι, σαβάνες
85;Αγαπόρνις Μασκοφόρος;Agapornis personatus;Πτηνά;Σποροφάγο;Θαμνότοποι με δέντρα
86;Αετός Μπατελέρ;Terathopius ecaudatus;Πτηνά;Σαρκοφάγο;Πεδιάδες, σαβάνες με ακακίες και θάμνους
87;Αιγυπτιακή Χήνα;Alopochen aegyptiaca;Πτηνά;Φυτοφάγο;Διάφορα είδη υγροτόπων 
88;Αμαζόνα βινασέα;Amazona vinacea;Πτηνά;Φυτοφάγο;Δάση αροκάριας και μπαμπού
89;Αμαζόνα της Βραζιλίας;Amazona braziliensis;Πτηνά;Φρουτοφάγο;Mαγκρόβια και παράκτια δάση
90;Ασημένιος Βούκερος;Bycanistes brevis;Πτηνά;Παμφάγο;Ορεινά και παράκτια αειθαλή δάση, παραποτάμια φυλλοβόλα φάση
91;Ασημένιος Φασιανός;Lophura nyctherema;Πτηνά;Παμφάγο;Ορεινά δάση, λιβάδια
92;Ασπροκέφαλος Βουβαλοϋφαντής;Dinemellia dinemelli;Πτηνά;Παμφάγο;Ξηροί θαμνότοποι, σαβάνα
93;Ασπροκέφαλος Γύπας;Trigonoceps occipitalis;Πτηνά;Σαρκοφάγο;Δασώδεις ανοιχτές περιοχές,σαβάνα, ερήμους, έως 4000μ.
94;Αυτοκρατορική Φρουτόφασσα;Ducula aenea;Πτηνά;Φρουτοφάγο;Διάφοροι βιότοποι, κυρίως δάση
95;Βασιλικό Ψαρόνι;Cosmopsarus regius;Πτηνά;Εντομοφάγο;Ξηροί θαμνότοποι, σαβάνα
96;Βασιλικός Γύπας;Sarcoramphus papa;Πτηνά;Πτωματοφάγο;Τροπικά δάση, σαβάνες και λιβάδια
97;Βιολετί Κουρούνα;Coracias caudata;Πτηνά;Εντομοφάγο;Δάση ακακίας, λιβάδια, καλλιέργειες
98;Βιολετί Τουράκο;Musophaga violacea;Πτηνά;Φρουτοφάγο;Δάση κατά μήκος νερού ή σαβάνας, παρυφές δασών, προαστιακά πάρκα, κήποι
99;Βουβόκυκνος;Cygnus olor;Πτηνά;Παμφάγο;Διάφορους πεδινούς υγροτόπους όπως ρηχές λίμνες, βάλτους και μικρά ποτάμια
100;Βούκερος ο υδροκόρακας;Buceros hydrocorax hydrocorax;Πτηνά;Φρουτοφάγο - σποροφάγο;Αειθαλή δάση
101;Βούκερος Ταρίκτικ;Penelopides panini;Πτηνά;Φρουτοφάγο;Αειθαλή δάση
102;Βούκερος της Παπούας;Rhyticeros plicatus;Πτηνά;Φρουτοφάγο;Αειθαλή παραποτάμια δάση
103;Βούκερος του Παλαουάν;Anthracoceros marchei;Πτηνά;Φρουτοφάγο;Αειθαλή δάση με ψηλά δέντρα για φώλιασμα
104;Γαλαζόπτερη Κουκαμπούρα;Dacelo leachii;Πτηνά;Σαρκοφάγο;Δασώδεις σαβάνες, δάση ευκαλύπτων, μαγκρόβιων και μουσώνων, καλλιέργειες με δέντρα, πάρκα, κήποι
105;Γελαδάρης;Bubulcus Ibis;Πτηνά;Εντομοφάγο;Λιβάδια, βιότοποι φρέσκου νερού όπως βάλτοι και πλημυρισμένες κοιλάδες
106;Γερακίνα του Χάρρις;Parabuteo ucininctus;Πτηνά;Σαρκοφάγο;Ερήμους, σαβάνα, βαλτώδεις περιοχές
107;Γκρι Καλάο;Tockus nasutus;Πτηνά;Φρουτοφάγο;Ανοιχτές σαβάνες, παρυφές δασών
108;Γυπογέρακας Αφρικής;Gypohierax angolensis;Πτηνά;Παμφάγο;Δασικά περιβάλλοντα
109;Διαμαντοπερίστερο;Geopelia cuneata;Πτηνά;Σποροφάγο;Ξηρά λιβάδια με σταθερές πηγές νερού
110;Εδαφοβούκερος;Bucorvus leadbeateri;Πτηνά;Σαρκοφάγο;Ξηρές δασικές περιοχές, σαββάνες, λιβάδια
111;Έξοχο Ψαρόνι;Lamprotornis superbus;Πτηνά;Εντομοφάγο;Ανοιχτά δάση, άγονες περιοχές, καλλιεργημένες εκτάσεις, κήποι
112;Ερυθρόλοφο Τουράκο;Tauraco erythrolophus;Πτηνά;Φρουτοφάγο - σποροφάγο;Αειθαλή δάση κοντά σε νερό
113;Ερυθρομάγουλο Μπουλμπουλ;Pycnonotus jocosus;Πτηνά;Παμφάγο;Ποικιλία βιοτόπων όπως πυκνούς δασώδεις λόφους, θαμνότοπους, καλλιέργειες, κήπους, αστικές περιοχές
114;Ερυθρόρυγχος Τραχύφωνος;Trachyphonus Erythrocephalus;Πτηνά;Φρουτοφάγο - σποροφάγο;Θαμνότοποι, δασώδεις λόφοι και λιβάδια
115;Ερυθρόρυνχη κίσσα;Urocissa erythrorhyncha;Πτηνά;Παμφάγο;Πλατύφυλλα αειθαλή δάση, πάρκα, κήποι, μαγκρόβια
116;Ερυθρός Μελισσοφάγος;Merops nubicus;Πτηνά;Εντομοφάγο;Σαβάννα, υγροβιότοποι
117;Ευρασιατικός Μπούφος;Bubo bubo;Πτηνά;Σαρκοφάγο;Βραχώδεις περιοχές, πεδιάδες, τάιγκα, στέπα, αγροτικές εκτάσεις
118;Ευρωπαϊκός Μελισσοφάγος;Merops apiaster;Πτηνά;Εντομοφάγο;Δάση, σαβάνες, θαμνότοποι, λιβάδια, καλλιεργημένες εκτάσεις, πάντα κοντά σε νερό
119;Καζουάριος;Casuarius casuarius;Πτηνά;Φρουτοφάγο;Τροπικά δάση, δάση σαβάνας, μαγκρόβια, οπωρώνες
120;Κακατούα του Λεντμπίτερ;Cacatua leadbeateri;Πτηνά;Φρουτοφάγο - σποροφάγο;Ενδοχώρα Αυστραλίας
121;Καλαμοκανάς Αμερικής;Himantopus h. mexicanus;Πτηνά;Σαρκοφάγο;Ρηχοί υγρότοποι
122;Καλάο του Φον Ντέκεν;Tockus deckeni;Πτηνά;Φρουτοφάγο;Ανοιχτές ημί-άγονες σαβάνες, δάση
123;Καστανόχηνα;Tadorna ferruginea;Πτηνά;Παμφάγο;Λίμνες και ποτάμια
124;Κέα;Nestor notabilis;Πτηνά;Παμφάγο;Δάση με μεγάλη υψομετρική, αλπικές πεδιάδες
125;Κιτρινόλαιμο λόρι;Lorius chlorocercus;Πτηνά;Παμφάγο;Δάση, φυτείες καρυδιάς
126;Κίτρινος Καρδινάλιος;Gubernatrix cristata;Πτηνά;Σποροφάγο;Ακανθώδη δάση
127;Κοκκινόραμφος Τουκάνος;Ramphastos tucanus;Πτηνά;Παμφάγο;Τροπικά δάση
128;Κόκκινος Καρδινάλιος;Cardinalis cardinalis;Πτηνά;Φυτοφάγο;Θαμνότοπους, παρυφές δασών
129;Κοκκινόχηνα;Branta ruficolis;Πτηνά;Φυτοφάγο;Τούνδρα, λιβάδια, υγρότοποι
130;Κολαροφόρος Σαρσέλα;Callonetta leucophrys;Πτηνά;Φυτοφάγο;Βαλτώδη τροπικά δάση και ξέφωτα, ρυάκια, ορυζώνες
131;Κοράκι;Corvus corax;Πτηνά;Πτωματοφάγο - σαρκοφάγο;Ορεινές περιοχές, δάση, παράκτιους γκρεμούς, πεδινές εκτάσεις, τούνδρα
132;Κούκος Γκίρα;Guira guira;Πτηνά;Σαρκοφάγο;Θαμνώδεις σαβάνες και δάση, πεδιάδες, καλλιέργειες, παράκτιοι αμμόλοφοι
133;Κράχτης του Νότου;Chauna torquata;Πτηνά;Φυτοφάγο;Τροπικοί ή υποτροπικοί υγρότοποι, καλλιεργημένες εκτάσεις
134;Κυανόγαστρη Κουρούνα;Coracias cyanogaster;Πτηνά;Εντομοφάγο;Δασώδης σαβάνα, καλλιέργειες, παρυφές δασών
135;Κυανόλαιμος Μακάο;Ara glaucogularis;Πτηνά;Φρουτοφάγο - σποροφάγο;Εποχιακά πλημυρισμένη σαβάνα με φυτείες φοινικόδεντρων
136;Κυανόπτερη κίσσα;Cyanopica cyanus;Πτηνά;Παμφάγο;Συστάδες αειθαλών δέντρων σε νησίδες ποταμών, πάρκα, κήποι
137;Λευκοκέφαλος Αετός;Haliaeetus leucocephalus;Πτηνά;Σαρκοφάγο;Κοντά σε ακτές, ποτάμια, βάλτους και μεγάλες λίμνες, γενικά κοντά σε νερό, και σε υψόμετρο μέχρι 2000μ.
138;Λευκόπλατος γύπας;Gyps africanus;Πτηνά;Πτωματοφάγο;Ανοιχτά δάση, σαβάνες, στέπες έως 3.000μ.
139;Λευκοπρόσωπη Δενδρόπαπια;Dendrocygna viduata;Πτηνά;Παμφάγο;Διάφορα είδη υγροτόπων
140;Λευκοπρόσωπη Χήνα;Branta leucopsis;Πτηνά;Φυτοφάγο;Βοσκοτόπια, αλμυρά έλη, λιβάδια κοντά σε ακτέ
141;Λευκόσβερκο Φασιανοπερίστερο;Otidiphaps aruensis;Πτηνά;Φρουτοφάγο - σποροφάγο;Τροπικά δάση
142;Λόρι Ντομιτσέλα;Lorius domicella;Πτηνά;Φρουτοφάγο;Δάση σε λόφους
143;Λοφιοφόρο Περιστέρι;Ocyphaps lophotes;Πτηνά;Φυτοφάγο;Ξηρά, ανοιχτά δάση
144;Μάινα κολέτο;Sarcops calvus;Πτηνά;Φρουτοφάγο;Δάση, παρυφές δασών, φυτείες καρύδας
145;Μάινα του Ρόθτσαιλντ;Leucopsar rothschildi;Πτηνά;Παμφάγο;Ανοιχτά δάση
146;Μακάο Χλωρόπτερος;Ara chloropterus;Πτηνά;Φρουτοφάγο - σποροφάγο;Δάση, μαγκρόβια έλη και σαβάνες
147;Μαραμπού;Leptoptilos crumeniferus;Πτηνά;Σαρκοφάγο;Σαβάνες, πεδιάδες, βάλτους, όχθες ποταμών, παραλίμνιες ακτές, νερόλακους 
148;Ματωμένο Τρυγόνι;Gallicolumba luzonica;Πτηνά;Σποροφάγο;Δάση
149;Μαύρο μπουλμπούλ;Hypsipetes leucocephalus;Πτηνά;Φρουτοφάγο;Δάση, φυτείες, ξέφωτα, παρυφές
150;Μαυροκέφαλος Υφαντής;Ploceus cucullatus;Πτηνά;Σποροφάγο;Σαβάνα, παραποτάμια δάση, υγρότοποι, καλλιεργημένες εκτάσεις, χωριά, κήποι
151;Μαυρόλαιμη Κίσσα;Cyanocorax colliei;Πτηνά;Παμφάγο;Ξηροί θαμνότοποι, δάση με ακανθώδη βλάστηση, ανοιχτά αειθαλή δάση, παραποτάμια δάση
152;Μαυρόλαιμο Τριγώνι;Oena Capensis;Πτηνά;Παμφάγο;Σαβάνα, λιβάδια, καλλιεργημένες εκτάσεις
153;Μαύρος Κακατούα;Probosciger atterimus;Πτηνά;Φρουτοφάγο;Διάφορα είδη δασών, πυκνές σαβάνες
154;Μαύρος Κύκνος;Cygnus atratus;Πτηνά;Φυτοφάγο;Μεγάλες λίμνες, λιμνοθάλασσες, υγροβιότοπους, ποτάμια, και μερικές φορές κατά μήκος των ακτών
155;Μελανοπρόσωπη Ίβις;Theristicus melanopis;Πτηνά;Σαρκοφάγο;Λιβάδια, καλλιεργημένες εκτάσεις, έλη, κατά μήκος λιμνών ή ποταμών, ανοιχτά δάση
156;Μελιτοφάγος;Entomyzon cyanotis;Πτηνά;Φυτοφάγο;Κυρίως ανοιχτά δάση
157;Μολουκανό Κακατούα;Cacatua moluccensis;Πτηνά;Σποροφάγο;Πεδινά τροπικά δάση σε υψόμετρο κάτω από 1200μ.
158;Μπλε Μακάο;Ara ararauna;Πτηνά;Σποροφάγο;Τροπικά και υποτροπικά δάση σε υψόμετρο από 500μ έως 1.500μ.
159;Μπλε Φασιανός;Crossoptilon auritum;Πτηνά;Φυτοφάγο;Κωνοφόρα ή ανάμεικτα δάση, θαμνώδεις αλπικές πεδιάδες
160;Μπλε Ψαρόνι;Lamprotornis chalybaeus;Πτηνά;Παμφάγο;Ξηρά δάση σαβάνας, ερήμους, καλλιεργημένες περιοχές, κήπους
161;Μπουμπούκ της Αυστραλίας;Ninox novaeseelandiae boobook;Πτηνά;Σαρκοφάγο;Δάση ευκαλύπτου και δενδρώδεις περιοχές
162;Μπούφος της Αφρικής;Bubo africanus;Πτηνά;Σαρκοφάγο;Βραχώδεις εκτάσεις σε ερήμους, ανοιχτά δάση, σαβάνα
163;Μωβ Κουρούνα;Coracias naevius;Πτηνά;Εντομοφάγο;Ανοιχτές δασώδεις σαβάνες, χωράφια, βραχώδεις και θαμνώδεις λόφους
164;Νανόχηνα;Anser erythropus;Πτηνά;Φυτοφάγο;Τούνδρες, δέντρα, χαμηλοί θάμνοι
165;Νεκροσύρτης μοναχός;Necrosyrtes monachus;Πτηνά;Πτωματοφάγο - σαρκοφάγο;Ανοιχτά δάση και σαβάνες σε υψόμετρο έως 4.000μ.
166;Νυφογερανός;Anthropoides virgo;Πτηνά;Παμφάγο;Σαβάνα και άλλοι τύποι λιβαδιών, υγρότοποι, έρημοι με διαθέσιμο νερό
167;Όρνιο;Gyps fulvus;Πτηνά;Πτωματοφάγο;Από βουνά ως ημι-ερήμους
168;Ορτύκι Καλιφόρνιας;Callipepla californica;Πτηνά;Σποροφάγο;Δάση, θαμνότοποι, λιβάδια, έρημοι, καλλιέργειες
169;Παπαγάλος Ζάκο;Psittacus erithacus;Πτηνά;Φρουτοφάγο - σποροφάγο;Δάση, παρυφές δασών, καλλιέργειες, μανγκρόβια, δενδρώδεις περιοχές σαβάνας, υψόμετρο έως 2200μ.
170;Παπαγάλος Μοναχός;Myiopsitta monachus;Πτηνά;Φυτοφάγο;Ξηρές, πεδινές περιοχές, δάση σαβάνας, φοινικοδάση και οπωρώνες
171;Πάπια Mανδαρίνος;Aix galericulata;Πτηνά;Παμφάγο;Λίμνες, ποτάμια, έλη, βάλτους περιβαλλόμενα από πυκνά αειθαλή δάση
172;Πάπια Καρολίνας;Aix sponsa;Πτηνά;Παμφάγο;Υγρότοποι περιβαλλόμενοι από δάσος, ακτές
173;Πελαργός;Ciconia ciconia;Πτηνά;Σαρκοφάγο;Στέπες, σαβάνες, ανοιχτές και καλλιεργημένες περιοχές
174;Πέρδικα Ρουλούλ;Rollulus rouloul;Πτηνά;Παμφάγο;Πυκνά αειθαλή δάση πλατύφυλλων, μπαμπού
175;Περιστέρι Γκούρα;Goura cristata;Πτηνά;Παμφάγο;Βαλτώδη και εν μέρη πλημμυρισμένα δάση, μαγκρόβια, δάση σε λόφους
176;Περιστέρι του Νικομπάρ;Caloenas Nicobarica;Πτηνά;Παμφάγο;Τροπικό δάσος, μαγκρόβια
177;Πιγκουίνος της Αφρικής;Spheniscus demersus;Πτηνά;Σαρκοφάγο;Αμμώδη παράκτια νησιά, βραχώδη νησιά
178;Πιτσιλόρυγχη Πάπια της Ινδίας;Anas poecilorhyncha;Πτηνά;Φυτοφάγο;Ποικιλία υγροτόπων ενδοχώρας και παράκτιους
179;Πολύχρωμο Λόρι;Trichoglossus haematodus;Πτηνά;Φρουτοφάγο;Διάφοροι βιότοποι από τροπικά δάση ως σαβάνα και καλλιεργημένες εκτάσεις
180;Πορτοκαλί Τσίχλα;Geokichla citrina;Πτηνά;Παμφάγο;Υγρά φυλλοβόλα και αειθαλή δάση, άλση μπαμπού, φυτείες
181;Πορφυρή Ίβις;Eudocimus ruber;Πτηνά;Σαρκοφάγο;Υγρότοποι όπως μαγκρόβια, πλημυρισμένες περιοχές, ρηχές λίμνες και ορυζώνες
182;Πουλί Γραμματέας;Sagittarius serpentarius;Πτηνά;Εντομοφάγο - σαρκοφάγο;Στέπα, σαβάνα, αγροτικές περιοχές, ημι-ερήμους
183;Πράσινο Περιστέρι της Αφρικής;Treron Calvus;Πτηνά;Φρουτοφάγο;Διάφορα δάση, δασώδη σαβάνα, μαγκρόβια
184;Πρασινοκέφαλη πάπια;Anas platyrhynchos;Πτηνά;Παμφάγο;Ρηχοί υγρότοποι φρέσκου, υφάλμυρου ή αλμυρού νερού
185;Πράσινος Μακάο;Ara militaris;Πτηνά;Φρουτοφάγο - σποροφάγο;Διάφορα είδη υγρών και ξηρών δασών
186;Πυρόξανθη Δεντρόπαπια;Dendrocygna bicolor;Πτηνά;Χορτοφάγο;Διάφορα είδη υγροτόπων γλυκού ή υφάλμυρου νερού
187;Ρέα της Αμερικής;Rhea americana;Πτηνά;Παμφάγο;Ανοιχτές πεδιάδες με ψηλή βλάστηση
188;Ριγωτό καρακάρα;Phalcoboenus australis;Πτηνά;Σαρκοφάγο;Ανοιχτές πεδιάδες και βραχώδεις ακτές
189;Ροζ Κοκατού;Eolophus roseicapillus;Πτηνά;Σποροφάγο;Δάση, λιβάδια, χωράφια σιτηρών, προαστιακά πάρκα
190;Ροζ Χουλιαρομύτα;Platalea ajaja;Πτηνά;Σαρκοφάγο;Βαλτώδεις περιοχές, μαγκρόβια, λασπότοπους
191;Σμαραγδένιο Τρυγόνι;Chalcophaps indica;Πτηνά;Φρουτοφάγο - σποροφάγο;Διάφορα είδη δασών και βιότοποι στις παρυφές τους, αγροτικές περιοχές
192;Σουβλόπαπια;Anas acuta;Πτηνά;Παμφάγο;Ρηχοί υγρότοποι φρέσκου, υφάλμυρου ή αλμυρού νερού, ορυζώνες
193;Σπίνος Ζέβρα;Taeniopygia guttata;Πτηνά;Σποροφάγο;Λιβάδια, καλλιεργημένες εκτάσεις, ορυζώνες
194;Σπίνος της Ιάβας;Lonchura oryzivora;Πτηνά;Σποροφάγο;Ανοιχτά λιβάδια και δάση, ορυζώνες, κατοικημένες περιοχές
195;Σπίνος του Γκουλντ;Chloebia gouldiae;Πτηνά;Σποροφάγο;Ανοιχτά δάση με χορτάρι
196;Στρουθοκάμηλος;Struthio camelus;Πτηνά;Φυτοφάγο;Έρημους ως σαβάνα, ανοιχτές δασώσεις εκτάσεις
197;Σφυροκέφαλος;Scopus umbretta;Πτηνά;Σαρκοφάγο;Διάφοροι υγρότοποι με δέντρα για φώλιασμα και κούρνιασμα
198;Ταωφασιανός του Παλαουάν;Polyplectron emphanum;Πτηνά;Σποροφάγο;Δάση
199;Τουκάνος Τόκο;Rampastos toco;Πτηνά;Παμφάγο;Παραποτάμιες και παραθαλάσσιες παρυφές δασών, σαβάνες, φυτείες
200;Τουράκο του Χάρτλομπ;Tauraco hartlaubi;Πτηνά;Φρουτοφάγο;Ορεινά αειθαλή δάση, κήπους προαστίων με δέντρα
201;Τυτώ ή Κλαψοπούλι;Tyto alba;Πτηνά;Σαρκοφάγο;Ανοιχτοί βιότοποι με λίγα δέντρα, προάστεια, αγροικίες
202;Υάκινθος Μακάο;Anodorhynchus hyacinthinus;Πτηνά;Καρποφάγο;Τροπικά δάση, σαβάνα με φοίνικες
203;Φαλακρή Ίβις;Geronticus eremita;Πτηνά;Εντομοφάγο;Άγονες περιοχές με βράχια και γκρεμούς
204;Φασιανός της Λαίδης Άμχερστ;Chrysolophus amherstiae;Πτηνά;Σποροφάγο;"Δασώδεις λόφοι, δάση μπαμπού

"
205;Φασιανός του Έντουαρντ;Lophura edwardsi hatinhensis;Πτηνά;Παμφάγο;Τροπικό δάσος
206;Φασιανός του Ριβς;Syrmaticus reevesii;Πτηνά;Παμφάγο;Αειθαλή, φυλλοβόλα ή μεικτά κωνοφόρα δάση, περιοχές με ψηλά χόρτα και θάμνους
207;Φασιανός του Σιάμ;Lophura diardi;Πτηνά;Παμφάγο;Αειθαλή πεδινά δάση
208;Φασιανός του Σουινχόε;Lophura swinhoii;Πτηνά;Παμφάγο;Ορεινά δάση
209;Φλύαρο Λόρι;Lorius garrulus;Πτηνά;Φρουτοφάγο;Ορεινά δάση, κήποι, φυτείες καρύδας
210;Φοινικόπτερο;Phoenicopterus roseus;Πτηνά;Σαρκοφάγο;Λιμνοθάλασσες, αλυκές, λίμνες, εκβολές και παράκτια ύδατα
211;Φραγκόκοτα γυψ;Acryllium vulturinum;Πτηνά;Παμφάγο;Ημι-άνυδρους θαμνότοπους ακακίας, λιβάδια με δέντρα και θάμνους
212;Φρουτόφασσα Αυστραλίας;Ducula spilorrhoa;Πτηνά;Φρουτοφάγο;Διάφορα είδη δασών και στις παρυφές τους, θαμνότοποι
213;Χαιτοφόρα Πάπια;Chenonetta jubata;Πτηνά;Φυτοφάγο;Υγρότοποι φρέσκου ή αλμυρού νερού
214;Χαλκόκοτα;Plegadis falcinellus;Πτηνά;Παμφάγο;Υγρότοποι φρέσκου ή υφάλμυρου νερού με ψηλή πυκνή βλάστηση
215;Χήνα Κερεόψης;Cereopsis novaehollandiae;Πτηνά;Φυτοφάγο;Περιοχές με χόρτα σε απόμακρα νησιά, άκρες λιμνών και λιμνοθαλασσών
216;Χήνα της Ινδίας;Anser indicus;Πτηνά;Φυτοφάγο;Ποικιλία υγροτόπων σε υψίπεδα, πεδινοί βάλτοι, λίμνες και ποτάμια
217;Χήνα της Χαβάης;Branta sandvicensis;Πτηνά;Φυτοφάγο;Ηφαιστιογενείς πλαγιές με αραιή βλάστηση, λιβάδια
218;Χήνα του Καναδά;Branta canadensis;Πτηνά;Φυτοφάγο;Διάφορους βιότοπους από τούνδρα ως ημί-ερήμους και δασώδεις ή ανοιχτές εκτάσεις πάντα κοντά σε νερό
219;Χήνα του Μαγγελάνου;Chloephaga picta;Πτηνά;Φυτοφάγο;Ξηρά βοσκοτόπια, καλλιεργημένη γη, παράκτια λιβάδια
220;Χήνα του Ορινόκο;Neochen jubata;Πτηνά;Παμφάγο;Δασώδεις όχθες ποταμών, υγρά ξέφωτα και σαβάνες, όχθες μεγάλων υγροτόπων φρέσκου νερού
221;Χουλιαρομύτα;Platalea leucorodia;Πτηνά;Σαρκοφάγο;Υγρότοποι φρέσκου ή αλμυρού νερού
222;Χουλιαρομύτα της Αφρικής;Platalea alba;Πτηνά;Σαρκοφάγο;Λίμνες, έλη και άλλοι ρηχοί υγρότοποι
223;Χρυσόλοφη Μάινα;Ampeliceps coronatus;Πτηνά;Φρουτοφάγο - εντομοφάγο;Αειθαλή και φυλλοβόλα δάση
224;Χρυσός Φασιανός;Chrysolophus pictus;Πτηνά;Παμφάγο;Βουνά και κοιλάδες με θάμνους και μπαμπού
225;Ψαρόνι Βραχμάνος;Sturnus pagodarum;Πτηνά;Παμφάγο;Ανοιχτά αειθαλή δάση, καλλιέργειες, θαμνότοπους, κοντά σε κατοικημένες περιοχές
226;Ρινοδέλφινο;Tursiops truncatus;Θαλάσσια Θηλαστικά;Σαρκοφάγο;Kυρίως σε παράκτιες περιοχές αλλά και σε πελάγη    
227;Φώκια η κοινή;Phoca vitulina;Θαλάσσια Θηλαστικά;Σαρκοφάγο;Ακτές, κόλπους, ποτάμια και εκβολές
